boro_cd,Banging/Pounding,Car/Truck Horn,Car/Truck Music,Engine Idling,Loud Music/Party,Loud Talking,Loud Television,"Noise, Barking Dog (NR5)","Noise, Ice Cream Truck (NR4)",Noise: Alarms (NR3),Noise: Construction Before/After Hours (NM1),Noise: Construction Equipment (NC1),Noise: Jack Hammering (NC2),Noise: air condition/ventilation equipment (NV1),Other,total_complaints,population,loud_music_party_rate,loud_music_party_share,banging_pounding_rate,banging_pounding_share,loud_talking_rate,loud_talking_share,car_truck_music_rate,car_truck_music_share,other_rate,other_share,noise:_construction_before_after_hours_(nm1)_rate,noise:_construction_before_after_hours_(nm1)_share,car_truck_horn_rate,car_truck_horn_share,engine_idling_rate,engine_idling_share,noise:_construction_equipment_(nc1)_rate,noise:_construction_equipment_(nc1)_share,"noise,_barking_dog_(nr5)_rate","noise,_barking_dog_(nr5)_share",noise:_alarms_(nr3)_rate,noise:_alarms_(nr3)_share,loud_television_rate,loud_television_share,noise:_air_condition_ventilation_equipment_(nv1)_rate,noise:_air_condition_ventilation_equipment_(nv1)_share,noise:_jack_hammering_(nc2)_rate,noise:_jack_hammering_(nc2)_share,"noise,_ice_cream_truck_(nr4)_rate","noise,_ice_cream_truck_(nr4)_share"
101,830.0,404.0,252.0,217.0,5379.0,1205.0,28.0,125.0,104.0,122.0,2520.0,549.0,275.0,264.0,855.0,13495,72470.0,24.741272250586448,0.3985920711374583,3.8176716802355,0.06150426083734717,5.542523342992503,0.0892923304927751,1.159100317372706,0.018673582808447574,3.9326617910859665,0.0633567988143757,11.59100317372706,0.18673582808447572,1.8582401913435442,0.02993701370878103,0.9981141621820523,0.016080029640607632,2.525182834276252,0.040681733975546495,0.5749505542523343,0.009262689885142646,0.5611517409502782,0.009040385327899221,0.12878892415252288,0.0020748425342719526,1.21429557058093,0.01956280103742127,1.2648912193551356,0.02037791774731382,0.4783588611379421,0.007706557984438681
102,1657.0,426.0,1399.0,837.0,20338.0,3436.0,159.0,188.0,98.0,183.0,2004.0,769.0,259.0,793.0,1614.0,34411,85706.0,79.09986854284803,0.5910319374618581,6.444511858368531,0.04815320682339949,13.363514028578317,0.0998517915782744,5.44108152676981,0.040655604312574464,6.277273469768745,0.046903606404928654,7.794086761720299,0.058237191595710676,1.6568268265932373,0.012379762285315742,3.2553146804191075,0.024323617447909097,2.9908446705403744,0.022347505158234287,0.7311817920176729,0.005463369271453896,0.7117354677618836,0.0053180668972131005,0.6183931113340957,0.004620615500857284,3.0841870269681624,0.0230449565545901,1.0073195964498791,0.007526662985673186,0.38114795541346774,0.002847926535119584
103,6173.0,498.0,3338.0,648.0,41067.0,7208.0,196.0,405.0,108.0,312.0,2184.0,864.0,221.0,710.0,362.0,64477,155194.0,88.20572960294857,0.6369247948880996,13.258674089634049,0.09573956604680739,15.481698175616755,0.11179180172774789,7.169521158464031,0.05177039874683996,0.7775214677543376,0.005614405136715418,4.690902998827275,0.03387254369775269,1.0696289805018235,0.007723684414597453,1.3918063842674329,0.010050095382849698,1.8557418456899106,0.013400127177132931,0.8698789901671456,0.0062813096142810615,0.6701289998324678,0.00483893481396467,0.42097847425372975,0.0030398436651829334,1.5249730444905516,0.011011678583060626,0.4746747082146647,0.0034275788265583076,0.23196773071123883,0.0016750158971416164
104,4542.0,1202.0,1102.0,1185.0,15322.0,3284.0,213.0,414.0,130.0,326.0,3002.0,869.0,371.0,614.0,13336.0,46490,116457.0,43.855958279307664,0.32957625295762527,13.000506624762789,0.09769842976984297,9.399749836134081,0.07063884706388471,3.154240048544384,0.02370402237040224,38.17145670361879,0.28685738868573885,8.592584959827805,0.06457302645730265,3.4404687280856168,0.02585502258550226,3.3918098525636076,0.025489352548935255,2.487327225213312,0.018692191869219187,1.1849867333007031,0.008905140890514088,0.9331054953044186,0.0070122607012260705,0.6096670874228256,0.004581630458163045,1.7574440923831685,0.013207141320714133,1.0619084010979734,0.00798021079802108,0.3720972834036025,0.002796300279630028
105,1309.0,316.0,775.0,2611.0,10568.0,2016.0,142.0,99.0,207.0,125.0,2486.0,727.0,377.0,557.0,1607.0,24154,50450.0,69.82490915097456,0.4375258756313654,8.648827221671622,0.05419392233170489,13.3201189296333,0.08346443653225138,5.1205814337628,0.03208578289310259,10.617773372976544,0.06653142336673015,16.42550379914106,0.10292291131903618,2.08787578460522,0.013082719218348927,17.25140403039313,0.10809803759211725,4.803435744962009,0.030098534404239465,0.6541129831516352,0.004098700008280202,0.8259002312520647,0.005175126273081063,0.9382226627023457,0.005878943446220088,3.6802114304592006,0.023060362672849218,2.4909150974562273,0.015608180839612486,1.3676907829534193,0.00857000910822224
106,2181.0,702.0,407.0,725.0,8951.0,2379.0,127.0,359.0,23.0,225.0,2706.0,807.0,368.0,593.0,6310.0,27158,143639.0,20.77198161130798,0.32958980779144265,5.061299507793844,0.08030782826423154,5.520784745090121,0.08759849768024155,0.9444974322201258,0.014986376021798364,14.64319114817935,0.23234406068193533,6.279631576382459,0.0996391486854702,1.6290840231413475,0.025848737020399144,1.6824585709080866,0.026695632962662936,1.8727504368590702,0.029715001104646883,0.8331070716634527,0.013218941011856543,0.5221423151094062,0.00828485160910229,0.2947203289728648,0.004676338463804404,1.376135079377235,0.021835186685322926,0.8539927642678289,0.013550335076220634,0.053374547766739305,0.0008468959422637896
107,5647.0,668.0,1514.0,911.0,18250.0,4766.0,366.0,516.0,152.0,525.0,3098.0,1318.0,459.0,1120.0,41003.0,81192,220646.0,27.570557967664644,0.2247758399842349,8.531010457172725,0.06955118730909449,7.200070097199436,0.05870036456793773,2.2872232746873578,0.018647157355404474,61.94386785469334,0.505012809143758,4.680196634730141,0.03815646861759779,1.00915795739178,0.008227411567642132,1.376261825125616,0.011220317272637698,1.9911230356921645,0.016233126416395703,0.7795292006199976,0.0063553059414720664,0.7931256401656953,0.0064661543009163465,0.5529218748583704,0.004507833284067396,1.6920013656868167,0.01379446250862154,0.6934184168305793,0.005653266331658292,0.22962875677178224,0.001872105626170066
108,3456.0,597.0,523.0,708.0,11068.0,2551.0,303.0,920.0,108.0,370.0,3750.0,1662.0,649.0,788.0,3945.0,32010,211135.0,17.473812173885587,0.3457669478288035,5.456224690363984,0.10796626054358013,4.027439000323648,0.07969384567322711,0.8256960396586702,0.01633864417369572,6.228242593601251,0.1232427366447985,5.92038269353731,0.11715089034676664,0.9425249248111398,0.018650421743205248,1.1177682525398442,0.02211808809746954,2.6239136097757356,0.051921274601686974,1.4524672208144869,0.02874101843174008,0.5841444257623479,0.011558887847547642,0.47836692163781463,0.009465791940018745,1.2440697500019735,0.024617307091533897,1.024620898161524,0.02027491408934708,0.1705070215738745,0.003373945641986879
109,7683.0,307.0,2220.0,459.0,30542.0,6372.0,1113.0,320.0,47.0,231.0,727.0,328.0,88.0,213.0,172.0,50911,114528.0,88.892381484586,0.5999096462454087,22.361343950824253,0.1509104122881106,18.545683151718357,0.1251595922295771,6.461302039675887,0.04360550765060596,0.5006053832541679,0.003378444736893795,2.11593089317314,0.014279821649545285,0.8935223991804041,0.006030131012944157,1.3359178541492036,0.009015733338571232,0.954642823880041,0.006442615544774214,0.9313588525658937,0.006285478580267526,0.6723246716960044,0.00453732985013062,3.2393825090807487,0.02186168018699299,0.619935736239173,0.004183771679990572,0.2561236844556207,0.0017285066095735697,0.13679333147061562,0.0009231796664767928
110,15584.0,428.0,2980.0,701.0,35675.0,9122.0,358.0,453.0,73.0,262.0,765.0,353.0,86.0,300.0,112.0,67379,135884.0,87.51336924631794,0.5294676382849256,38.22868525114559,0.23128868044939818,22.376929341693405,0.1353834280710607,7.3101567022852825,0.04422742991139673,0.27474414451542,0.001662238976535716,1.8766006299490743,0.011353685866516274,1.0499151236839264,0.006352127517475771,1.7196039759402628,0.010403835022781579,0.8659346697673506,0.005239021059974176,1.1112419416561186,0.006723163003309636,0.6427050523485718,0.0038884518915389067,0.8782000333617889,0.005313228157140949,0.7359218156663037,0.004452425830006382,0.2109642538243404,0.0012763620712684962,0.17907430847880054,0.0010834236186348862
111,6124.0,268.0,2202.0,276.0,22502.0,3387.0,326.0,300.0,77.0,162.0,624.0,342.0,120.0,181.0,100.0,37065,125413.0,59.807728598045394,0.6070956427896937,16.276887829278728,0.16522325644138675,9.002256544377376,0.09138000809388912,5.852662802101856,0.0594091460946985,0.26578850145784993,0.0026979630379063806,1.6585202490969837,0.016835289356535815,0.7123131839070378,0.0072305409415891,0.7335762640236658,0.0074463779846216105,0.9089966749858468,0.009227033589639822,0.7973655043735498,0.008093889113719142,0.4305773723617169,0.0043707001214083364,0.8664705147525908,0.0087953595035748,0.4810771876387084,0.004883313098610549,0.3189462017494199,0.003237555645487657,0.20465714612254446,0.0020774315391879133
112,8533.0,963.0,15385.0,1907.0,74793.0,7518.0,480.0,457.0,175.0,466.0,1174.0,376.0,124.0,295.0,121.0,112987,202680.0,123.00671008486285,0.6619611105702425,14.033616209459904,0.07552196270367387,12.364318136964673,0.06653862833777337,25.302611670284847,0.13616610760529974,0.19900006578514573,0.0010709196633240992,1.930794026708769,0.010390575906962747,1.5837773830669035,0.008523104427943037,3.1363068219196104,0.016878047917017,0.618380369712519,0.003327816474461664,0.7515952897835669,0.004044713108587714,0.7663969475692389,0.004124368290157275,0.7894217485691731,0.004248276350376592,0.48516544964147096,0.0026109198403356138,0.20393395171370304,0.001097471390513953,0.2878100124991777,0.0015488507527414658
201,8611.0,133.0,2355.0,169.0,15784.0,1649.0,174.0,279.0,39.0,77.0,333.0,168.0,43.0,58.0,6.0,29908,100606.0,52.296417046034364,0.52775177210111,28.53043887375836,0.28791627658151664,5.463557508167173,0.05513574963220543,7.802715543804545,0.07874147385314965,0.01987953004790967,0.00020061522000802462,1.1033139176589866,0.011134144710445366,0.44066291606199764,0.004446970710177879,0.5599400963494556,0.005650662030226026,0.5566268413414708,0.005617226160224689,0.9243981472277994,0.009328607730373145,0.2551206356148407,0.0025745619901029826,0.5765063713893803,0.005817841380232714,0.19216879046312677,0.0019392804600775711,0.1424699653433526,0.0014377424100575097,0.12921694531141284,0.0013039989300521599
202,2239.0,79.0,1694.0,111.0,9346.0,820.0,102.0,78.0,40.0,40.0,128.0,57.0,21.0,8.0,1.0,14785,55508.0,56.12404218010617,0.6321271559012512,13.445509356008746,0.15143726750084546,4.9242151281496955,0.05546161650321271,10.17270783790925,0.11457558336151505,0.006005140400182556,6.763611768684478e-05,0.7686579712233672,0.008657423063916132,0.47440609161442193,0.005343253297260737,0.6665705844202637,0.00750760906323977,0.3422930028104057,0.003855258708150152,0.46840095121423936,0.005275617179573893,0.24020561600730225,0.002705444707473791,0.6125243208186207,0.006898884004058167,0.04804112320146045,0.0005410889414947582,0.1261079484038337,0.0014203584714237404,0.24020561600730225,0.002705444707473791
203,7665.0,83.0,2360.0,181.0,22180.0,4187.0,220.0,129.0,35.0,83.0,215.0,103.0,18.0,59.0,4.0,37546,88856.0,83.20578614087212,0.5907420231183083,28.75438912397587,0.20414957651946944,15.707061612796736,0.11151653971128749,8.853275712013444,0.06285622969157834,0.015005552054260074,0.00010653598252809886,0.8065484229164791,0.005726309060885314,0.3113652051258966,0.0022106216374580515,0.6790012304552685,0.004820753209396474,0.386392965397197,0.0027433015500985458,0.4839290537498875,0.0034357854365311886,0.3113652051258966,0.0022106216374580515,0.8253053629843041,0.005859479039045438,0.22133189280033613,0.0015714057422894583,0.06752498424417033,0.0004794119213764449,0.13129858047477566,0.000932189847120865
204,7748.0,436.0,10548.0,689.0,44799.0,2415.0,135.0,206.0,42.0,99.0,327.0,145.0,38.0,75.0,7.0,67738,153883.0,97.04125861856086,0.6613569931205527,16.78331372969507,0.11438188313797278,5.231247116315642,0.03565207121556586,22.848527777597265,0.15571761788065783,0.015163035119755487,0.00010333933685671263,0.7083303548800062,0.00482742330744929,0.9444404731733417,0.006436564409932386,1.4924758853587898,0.010171543299182143,0.3140914417663636,0.0021406005491747615,0.44622646209566147,0.0030411290560689716,0.21444863955082757,0.0014615134784020786,0.29242996302385577,0.0019929729250937433,0.16246109056880878,0.0011072071806076352,0.08231361922152977,0.0005609849715078686,0.0909782107185329,0.0006200360211402758
205,8137.0,221.0,12657.0,284.0,42802.0,1671.0,278.0,116.0,22.0,115.0,245.0,125.0,45.0,21.0,3.0,66757,137347.0,103.87801213956864,0.641161226538041,19.74803478294636,0.12188983926779214,4.055421669202822,0.02503108288269395,30.71781691627775,0.1895980945818416,0.007280828849556234,4.4939107509324866e-05,0.5946010227137591,0.0036700271132615305,0.5363543919173093,0.0033105142531869316,0.6892517977579901,0.004254235510882754,0.3033678687315097,0.001872462812888536,0.281525382182841,0.0017376454903605615,0.279098439232989,0.001722665787857453,0.6746901400588777,0.0041643572958641045,0.05096580194689363,0.00031457375256527405,0.1092124327433435,0.0006740866126398729,0.05339274489674571,0.00032955345506838234
206,5695.0,135.0,3033.0,167.0,19251.0,1307.0,101.0,198.0,17.0,71.0,204.0,135.0,55.0,56.0,2.0,30449,87409.0,73.41349288974818,0.6322375119051529,21.717824632856264,0.18703405694768302,4.984231219515915,0.04292423396499064,11.56631468155453,0.09960918256757201,0.007626979677912648,6.568360208873854e-05,0.7779519271470902,0.006699727413051332,0.5148211282591038,0.004433643140989852,0.6368528031057061,0.0054845807744096685,0.5148211282591038,0.004433643140989852,0.7550709881133522,0.006502676606785116,0.27075777856589905,0.0023317678741502186,0.38516247373458873,0.0033170219054812966,0.21355543098155416,0.0018391408584846794,0.20974194114259784,0.00180629905744031,0.06482932726225751,0.0005583106177542776
207,12906.0,319.0,5854.0,360.0,35496.0,3336.0,267.0,198.0,47.0,119.0,413.0,174.0,35.0,651.0,2.0,60210,139443.0,84.85187495966095,0.5895366218236173,30.851315591316883,0.21434977578475337,7.974584597290649,0.055406078724464375,13.993770453399117,0.0972263743564192,0.004780926017560341,3.321707357581797e-05,0.9872612226262103,0.006859325693406411,0.7625576998008744,0.0052981232353429665,0.8605666831608614,0.005979073243647235,0.4159405635277497,0.0028898854010961633,0.47331167573847377,0.003288490284005979,0.28446509804484027,0.0019764158777611693,0.6382536233443055,0.004434479322371699,1.5561914187158912,0.01081215744892875,0.08366620530730597,0.0005812987875768145,0.11235176141266802,0.0007806012290317223
208,4522.0,293.0,2350.0,792.0,17664.0,1905.0,286.0,184.0,354.0,154.0,436.0,255.0,105.0,127.0,142.0,29972,106607.0,55.23089478176855,0.5893500600560523,14.139159092117152,0.15087414920592554,5.956456893074564,0.0635593220338983,7.34786020930458,0.07840651274522888,0.44399836158351075,0.004737755238222341,1.3632625750028924,0.014546910449753103,0.9161374643941456,0.009775790738022153,2.476385227986905,0.026424663018817563,0.7973210014351778,0.008507940744695049,0.5753218206434224,0.0061390631255838785,0.4815193498863427,0.005138128920325637,0.8942502212174935,0.009542239423461898,0.3970971262049709,0.00423728813559322,0.32830864764977913,0.0035032697184038436,1.106869154933541,0.011811023622047244
209,8734.0,204.0,4320.0,283.0,25067.0,7297.0,329.0,298.0,34.0,107.0,268.0,144.0,45.0,235.0,9.0,47406,172669.0,48.39123795624383,0.5287727291903979,16.860776012679366,0.18423828207399906,14.086682226301962,0.1539256634181327,8.339655641719126,0.09112770535375268,0.01737428258691485,0.00018984938615365145,0.5173675259214644,0.005653292832130954,0.39381707197006993,0.004303252752816099,0.5463246635663224,0.005969708475720373,0.2779885213906376,0.003037590178458423,0.5752818012111804,0.006286124119309792,0.20656091519998762,0.0022570982576045227,0.6351265523438873,0.006940049782727924,0.4536618231027766,0.0049571784162342316,0.08687141293457425,0.0009492469307682572,0.06563617866167833,0.0007172087921360165
210,2274.0,130.0,1013.0,367.0,12111.0,1076.0,70.0,348.0,34.0,87.0,184.0,104.0,29.0,39.0,2.0,18068,129124.0,31.26452092562188,0.6703010847907903,5.87032619807317,0.1258578702678769,2.777691727848167,0.059552800531326104,2.615057360883079,0.05606597299092318,0.0051629957766694545,0.00011069293779056896,0.4749956114535898,0.010183750276732344,0.33559472548351454,0.007195040956386982,0.9474097250188449,0.020312154084569406,0.2684757803868116,0.005756032765109586,0.8983612651404851,0.019260571175559,0.22459031628512127,0.00481514279388975,0.1807048521834309,0.003874252822669914,0.10067841764505436,0.0021585122869160946,0.07486343876170709,0.00160504759796325,0.08777092820338073,0.0018817799424396724
211,6095.0,243.0,1249.0,354.0,13504.0,1895.0,322.0,257.0,234.0,207.0,300.0,169.0,36.0,72.0,10.0,25003,117283.0,38.38010055449923,0.5400951885773707,17.322771984572928,0.24377074751029876,5.385833127279032,0.07579090509138903,3.5498182458952563,0.04995400551933768,0.028421282993556896,0.0003999520057593089,0.8526384898067069,0.011998560172779267,0.6906371767434325,0.009718833739951206,1.0061134179719142,0.014158301003879534,0.4803196825911116,0.00675918889733232,0.7304269729344123,0.010278766548014238,0.5883205579666276,0.008279006519217693,0.915165312392532,0.012878454585449745,0.20463323755360965,0.002879654441467024,0.10231661877680483,0.001439827220733512,0.6650580220492313,0.009358876934767828
212,5082.0,184.0,3255.0,313.0,153177.0,2810.0,241.0,248.0,20.0,125.0,315.0,174.0,43.0,37.0,4.0,166097,161037.0,317.06378037345456,0.922214127889125,10.519321646578115,0.030596579107389055,5.816468679040635,0.016917825126281632,6.737582046362016,0.01959698248613762,0.008279670717495564,2.4082313347020115e-05,0.6520240690027758,0.001896482176077834,0.380864853004796,0.0011077864139629253,0.647884233644028,0.001884441019404324,0.3601656762110571,0.001047580630595375,0.513339584484725,0.0014931034275152471,0.2587397099217364,0.0007525722920943786,0.49885016072910776,0.001450959379157962,0.07658695413683399,0.00022276139845993606,0.08900646021307733,0.0002588848684804662,0.04139835358747782,0.00012041156673510058
301,5023.0,611.0,3641.0,1093.0,39001.0,4329.0,177.0,590.0,204.0,460.0,2358.0,1288.0,339.0,358.0,72.0,59847,201535.0,64.50657867533347,0.6516784467057664,8.307903507248533,0.08393068992597791,7.160046642022477,0.07233445285477969,6.022113611366099,0.06083847143549384,0.11908601483613268,0.0012030678229485187,3.9000669858833454,0.03940047120156399,1.0105771536788482,0.01020936721974368,1.8077918641096251,0.018263237923371263,2.1303164876241514,0.021521546610523502,0.975843732684976,0.009858472438050362,0.7608273170086256,0.007686266646615536,0.29275311980549285,0.0029575417314151083,0.5921221293241041,0.005981920564105135,0.5606966531867914,0.005664444333049276,0.3374103753690426,0.003408692165020803
302,9228.0,700.0,1305.0,919.0,13791.0,2915.0,144.0,583.0,122.0,416.0,2938.0,912.0,377.0,449.0,1831.0,37104,126308.0,36.39516103493048,0.3716849935316947,24.353168445387464,0.24870633893919794,7.692835502633773,0.0785629581716257,3.4439623776799566,0.03517141009055627,4.832103535273564,0.04934777921517896,7.753533690133114,0.0791828374299267,1.8473361412842682,0.018865890470030185,2.425288448343203,0.02476821905993963,2.4068150869303606,0.02457956015523933,1.5385671005267547,0.01571259163432514,1.0978454782489364,0.01121172919361794,0.380023434778478,0.0038809831824062097,1.1849341820523376,0.012101121172919362,0.9949224646630986,0.010160629581716258,0.32196429890954387,0.003288055196205261
303,7025.0,366.0,2361.0,529.0,31713.0,3937.0,328.0,641.0,77.0,321.0,1045.0,524.0,123.0,145.0,38.0,49260,182441.0,57.94201961181971,0.6437880633373935,12.835199690128132,0.14261063743402355,7.193193050538713,0.07992285830288266,4.313723340696444,0.04792935444579781,0.06942883818147602,0.0007714169711733658,1.9092930499905905,0.02121396670726756,0.6687093361689532,0.0074299634591961025,0.9665225104737056,0.010738936256597645,0.9573871370287745,0.010637434023548518,1.1711548756401613,0.013012586276898093,0.5864909751645737,0.006516443361753959,0.5992804979874772,0.006658546488022736,0.2649258299030006,0.0029435647584246855,0.22473018674530396,0.0024969549330085264,0.14068475105193826,0.001563134388956557
304,2589.0,398.0,4274.0,462.0,32252.0,3189.0,136.0,600.0,87.0,375.0,661.0,264.0,78.0,93.0,14.0,45565,115024.0,93.46455232531181,0.707823987709865,7.502782028098484,0.056819927575990345,9.241549589650855,0.06998792933172392,12.385820930124728,0.09380006584000877,0.04057124310288867,0.0003072533743004499,1.9155422636435298,0.014506748600899814,1.1533824824964065,0.008734774497969933,1.338851022395326,0.010139361351914847,0.7650577270830435,0.00579392077252277,1.7387675615523717,0.013168001755733568,1.0867297259702322,0.00823000109733348,0.39412064728520424,0.002984747064632942,0.2695089720406176,0.002041040272138703,0.2260397830018083,0.0017118402282453639,0.2521212964250939,0.0019093602545813672
305,5011.0,182.0,3811.0,313.0,27226.0,3387.0,139.0,370.0,14.0,79.0,400.0,221.0,49.0,49.0,23.0,41321,205303.0,44.204582170418036,0.658890152706856,8.135942160286666,0.12127005638779313,5.499189003570332,0.08196800658260933,6.187602389314005,0.09222913288642579,0.03734317894364265,0.0005566177004428741,0.64944659032422,0.009680307833789115,0.2954981985975201,0.004404540064374047,0.5081919569287021,0.007574840879939982,0.35881924115413155,0.005348370078168485,0.6007380960499035,0.008954284746254931,0.12826570158903344,0.0019118607971733502,0.22568269013766645,0.003363906972241717,0.07955720731471695,0.0011858377096391666,0.07955720731471695,0.0011858377096391666,0.0227306306613477,0.000338810774182619
306,2144.0,490.0,569.0,422.0,9445.0,1897.0,191.0,397.0,71.0,323.0,1531.0,660.0,189.0,378.0,6928.0,26058,120661.0,26.09238555401773,0.36246066467111826,5.922930082351933,0.0822779952413846,5.240577596185457,0.07279914037915419,1.5718970227883629,0.021835904520684627,19.139020340734234,0.26586844730984727,4.229480389963064,0.058753549773582006,1.3536547296419998,0.01880420600199555,1.1658006038957631,0.016194642720085962,1.8232900440075916,0.025328114206769514,1.0967365870772938,0.015235244454678026,0.8923070972946243,0.012395425589070535,0.527649088493106,0.007329802747716632,1.0442479342952569,0.014506101772967994,0.5221239671476284,0.007253050886483997,0.19614180776445303,0.0027246910737585388
307,1926.0,308.0,1001.0,816.0,10843.0,2069.0,84.0,295.0,66.0,242.0,770.0,350.0,102.0,84.0,63.0,19105,122767.0,29.440593427658357,0.5675477623658728,5.229418329029788,0.10081130594085318,5.617687706522654,0.10829625752420832,2.717885642450061,0.052394661083486,0.17105573973461924,0.0032975660821774407,2.090681263423124,0.04030358544883538,0.8362725053692497,0.016121434179534152,2.215579105134116,0.042711332112012564,0.9503096651923292,0.018319811567652448,0.8009752892335344,0.015440984035592777,0.6570712542186962,0.012666841141062549,0.22807431964615899,0.004396754776236587,0.22807431964615899,0.004396754776236587,0.2769473881417645,0.0053389165140015704,0.1792012511505535,0.003454593038471604
308,3732.0,387.0,1438.0,364.0,19080.0,2368.0,292.0,379.0,20.0,341.0,841.0,500.0,165.0,231.0,5386.0,35751,110281.0,57.67085898749558,0.5336913652764957,11.280274934032153,0.10438868842829571,7.157473484401968,0.06623590948504937,4.346472496017748,0.04022265111465414,16.279625078964948,0.15065312858381583,2.5419912163775567,0.02352381751559397,1.1697391209727876,0.010824872031551564,1.1002197416901671,0.010181533383681576,1.5112908539700098,0.013985622779782384,1.1455584673092676,0.010601102067075046,1.0307003624075468,0.009538194735811585,0.8825938587184857,0.008167603703392912,0.6982163745341445,0.0064613577242594615,0.49872598181010325,0.004615255517328187,0.0604516341588004,0.0005594249111912954
309,4625.0,606.0,2130.0,216.0,16383.0,2269.0,191.0,370.0,109.0,169.0,788.0,339.0,53.0,97.0,90.0,28547,99978.0,54.622016843705616,0.5738956808070901,15.420059079664194,0.1620135215609346,7.5649976328125526,0.07948295792902932,7.101562343715617,0.07461379479454934,0.30006601452319515,0.003152695554699268,2.6272446604919755,0.027603601078922478,2.020444497789514,0.021228150068308405,0.7201584348556682,0.007566469331278243,1.130248654704035,0.011875153256033909,1.2336047263731353,0.012961081724874767,0.5634572939379998,0.005920061652713069,0.6368067641547807,0.0066907205660840015,0.32340448231944363,0.0033979052089536553,0.17670554188588158,0.0018565873822117911,0.36341328425586966,0.0038182646162468912
310,3127.0,569.0,450.0,495.0,7197.0,1969.0,284.0,470.0,24.0,196.0,538.0,254.0,57.0,182.0,17.0,16029,127569.0,18.805509175426632,0.4489986898746023,8.170741585599426,0.19508391041237758,5.1449281042677555,0.12283985276686006,1.1758342544034992,0.02807411566535654,0.04442040516635442,0.0010605777029134692,1.4057751752646281,0.033564164951026265,1.48677709056798,0.035498159585750824,1.2934176798438493,0.030881527231892195,0.6636931124855308,0.015846278620001247,1.2280935545992102,0.029321854139372387,0.5121411419179686,0.012227837045355294,0.7420820627790974,0.01771788633102502,0.4755596317809708,0.0113544201135442,0.1489390055577766,0.003556054650945162,0.06271116023485329,0.0014972861688190156
311,5531.0,597.0,898.0,410.0,7552.0,1924.0,257.0,456.0,23.0,137.0,673.0,247.0,46.0,104.0,7.0,18927,188487.0,13.35547455969554,0.3990067099910181,9.781399601387188,0.29222803402546627,3.4025335080580272,0.10165372219580493,1.5880847662349835,0.04744544830136842,0.012379279914972032,0.0003698420246209119,1.1901793403965968,0.03555766893855339,1.0557757298911863,0.0315422412426692,0.7250721093055047,0.02166217572779627,0.4368117341425845,0.013050140011623607,0.8064216630324638,0.02409256617530512,0.24228019262159547,0.0072383367675807045,0.4544964197354017,0.013578485761082053,0.18392073016529872,0.005494795794367834,0.08134955372695907,0.0024303904475088496,0.040674776863479534,0.0012151952237544248
312,3173.0,1473.0,514.0,677.0,7298.0,1907.0,106.0,161.0,58.0,137.0,554.0,304.0,62.0,141.0,16.0,16636,192058.0,12.666312606955536,0.4386871844193316,5.507016977510267,0.1907309449386872,3.3097640643277897,0.11463092089444578,0.8920916250993624,0.03089685020437605,0.027769389108151354,0.0009617696561673479,0.9615150978697407,0.03330127434479442,2.5565193847691843,0.08854291897090646,1.1749922766386542,0.04069487857658091,0.5276183930548758,0.01827362346717961,0.27942947790077305,0.009677807165183938,0.237775394238546,0.008235152680932917,0.18397220284150276,0.00637172397210868,0.24471774151558384,0.008475595094974753,0.10760638279408652,0.003726857417648473,0.10066403551704867,0.0034864150036066363
313,4263.0,157.0,321.0,212.0,7925.0,998.0,309.0,220.0,71.0,64.0,441.0,206.0,28.0,83.0,3.0,15355,110299.0,23.950050922190286,0.516118528166721,12.883163038649489,0.27762943666558126,3.016044267551534,0.06499511559752523,0.9700903906653733,0.02090524259198958,0.009066265333321244,0.00019537609899055683,1.332741003998223,0.028720286551611855,0.47446788577714516,0.01022468251383914,0.640682750221368,0.013806577661999348,0.6225502195547256,0.013415825464018235,0.6648594577768913,0.014327580592640833,0.19341366044418654,0.004168023445131879,0.9338253293320882,0.020123738196027353,0.25083334088855447,0.005405405405405406,0.08461847644433163,0.001823510257245197,0.21456827955526947,0.004623901009443178
314,7960.0,388.0,1629.0,833.0,14900.0,3660.0,492.0,320.0,45.0,336.0,532.0,274.0,51.0,146.0,202.0,31907,164539.0,30.185346128678717,0.46698216692261885,16.12586276404581,0.2494750368257749,7.414655492011013,0.11470837120381108,3.300129452591787,0.05105462751120444,0.4092241555700067,0.006330899175729464,1.0777586671447703,0.01667345723508948,0.7860345166394189,0.012160340991005108,1.687543176187206,0.026107123828626948,0.5550862308226824,0.008587457297771649,0.6482758900118918,0.010029147209076378,0.6806896845124863,0.010530604569530196,0.9967241808932837,0.015419813833954932,0.29577587481792567,0.004575798414141098,0.10331896997064526,0.0015983953364465478,0.09116379703292228,0.0014103488262763658
315,6025.0,267.0,669.0,441.0,7017.0,1870.0,378.0,384.0,18.0,120.0,691.0,326.0,42.0,177.0,136.0,18699,157254.0,14.874025461991428,0.3752607091288304,12.771270259156099,0.3222097438365688,3.9638631343770805,0.10000534787956575,1.418087934170196,0.03577731429488208,0.288280955227424,0.007273116209422964,1.464721618104044,0.03695384779934756,0.5659633459244281,0.01427883844055832,0.9347933915830441,0.02358414888496711,0.6910264073833841,0.017434087384352103,0.813969755936256,0.020535857532488367,0.25436554873008,0.006417455478902615,0.801251478499752,0.020214984758543237,0.375189184376868,0.009465746831381357,0.089027942055528,0.0022461094176159154,0.038154832309512,0.0009626183218353923
316,3343.0,75.0,1109.0,102.0,13018.0,1541.0,221.0,231.0,12.0,55.0,220.0,93.0,26.0,15.0,10.0,20100,94660.0,45.841256426508906,0.6476616915422886,11.771955771533205,0.166318407960199,5.42643848158321,0.07666666666666666,3.905204591872667,0.05517412935323383,0.03521374744700331,0.0004975124378109452,0.7747024438340727,0.010945273631840797,0.26410310585252483,0.0037313432835820895,0.3591802239594338,0.005074626865671642,0.32748785125713076,0.004626865671641791,0.8134375660257764,0.011492537313432836,0.19367561095851818,0.002736318407960199,0.7782238185787732,0.01099502487562189,0.05282062117050496,0.0007462686567164179,0.09155574336220859,0.0012935323383084577,0.04225649693640397,0.0005970149253731343
317,5474.0,142.0,1740.0,245.0,18263.0,2014.0,326.0,231.0,17.0,107.0,423.0,239.0,41.0,120.0,20.0,29444,158546.0,38.39684802307638,0.62026219263687,11.508752454597825,0.1859122401847575,4.234312649535992,0.06840103246841461,3.6582442950310954,0.05909523162613775,0.042048785000357414,0.0006792555359326179,0.8893318027575594,0.014366254584974867,0.29854637350253765,0.0048227143051215865,0.5150976162543783,0.008320880315174568,0.5024829807542711,0.008117103654394784,0.48566346675412814,0.007845401440021736,0.22496099975191217,0.0036340171172395057,0.685395195505826,0.01107186523570167,0.2522927100021445,0.004075533215595707,0.0862000092507327,0.0013924738486618667,0.035741467250303804,0.0005773672055427252
318,2915.0,205.0,728.0,292.0,11644.0,1524.0,149.0,330.0,21.0,95.0,564.0,223.0,32.0,42.0,77.0,18905,200230.0,19.384374635835457,0.6159217138323195,4.852752667765403,0.15419201269505423,2.537082355291415,0.0806135942872256,1.2119396027901246,0.038508331129330865,0.12818591952587857,0.004072996561756149,0.9389202417220197,0.029833377413382704,0.34127420133513126,0.010843692144935203,0.4861076428773577,0.015445649299127215,0.37123974096455736,0.011795821211319757,0.5493682265394796,0.017455699550383497,0.15815145915530474,0.005025125628140704,0.24804807804358323,0.007881512827294367,0.06991959246866104,0.0022216344882306266,0.053272070452313164,0.0016926738957947632,0.03495979623433052,0.0011108172441153133
401,5725.0,930.0,2216.0,1285.0,27115.0,3690.0,672.0,687.0,150.0,513.0,1748.0,693.0,194.0,241.0,324.0,46434,171270.0,52.77242560479555,0.5839471077227893,11.14225102664409,0.12329327647844252,7.181643019793309,0.079467631476935,4.312878301317607,0.04772365077314037,0.630583289542827,0.0069776456906577074,3.4020357719779684,0.037644829219968125,1.8100075903544113,0.020028427445406383,2.500924466242385,0.027673687384244305,1.348747591522158,0.014924408838351208,1.3370701231972908,0.014795193177413103,0.9984235417761429,0.011047939010208037,1.307876452385123,0.014472154025067838,0.4690449777154979,0.005190162381013912,0.37757147583737183,0.004177973036998751,0.2919367081216792,0.0032303915234526423
402,3738.0,316.0,998.0,630.0,11263.0,2548.0,218.0,615.0,72.0,180.0,1150.0,446.0,181.0,548.0,206.0,23288,124372.0,30.186322752173588,0.48363964273445553,10.018332100472776,0.1605118515973892,6.828975439273577,0.10941257299896942,2.67477138477042,0.042854689110271384,0.55210711950171,0.008845757471659223,3.082151395276536,0.04938165578838887,0.8469216007890308,0.013569220199244246,1.6884829382819284,0.027052559257986945,1.1953387150376824,0.019151494331844727,1.6482809635609301,0.02640845070422535,0.48242369665197954,0.007729302645139127,0.5842686992785086,0.009361044314668499,1.4687121431404708,0.023531432497423566,0.4851038283000461,0.0077722432153899,0.19296947866079184,0.003091721058055651
403,4520.0,892.0,2375.0,358.0,18257.0,2085.0,341.0,343.0,132.0,198.0,361.0,157.0,51.0,61.0,12.0,30252,161901.0,37.5888145636325,0.6034972894354093,9.306098582878837,0.14941160914980828,4.292746802058048,0.06892106307021023,4.889819498747176,0.07850720613513155,0.024706456414722577,0.0003966679888932963,0.7432525638095708,0.011933095332539997,1.8365132601610448,0.029485653841068358,0.7370759497058902,0.011833928335316673,0.3232428047592871,0.00518973952135396,0.706192879187487,0.011338093349200053,0.4076565308429225,0.0065450218167393895,0.7020751364516999,0.011271982017717837,0.12559115344150643,0.0020163956102075896,0.10500243976257095,0.0016858389527965093,0.27177102056194835,0.00436334787782626
404,5023.0,222.0,1479.0,253.0,17977.0,2879.0,179.0,190.0,105.0,121.0,272.0,163.0,50.0,61.0,10.0,29074,175166.0,34.209454650636154,0.6183187727866822,9.558552078219135,0.1727660452638096,5.478612668364104,0.09902318222466809,2.8144731283468256,0.050870193299855544,0.019029568142980565,0.0003439499208915182,0.5176042534890714,0.009355437848249295,0.4224564127741685,0.007635688243791704,0.48144807401740825,0.008701932998555411,0.3101819607305832,0.005606383710531747,0.3615617947166307,0.006535048496938846,0.23025777453006482,0.00416179404278737,0.3406292697593521,0.006156703583958176,0.11608036567218143,0.002098094517438261,0.09514784071490281,0.001719749604457591,0.19981046550129591,0.003611474169360941
405,3408.0,394.0,1379.0,669.0,17358.0,2424.0,180.0,523.0,184.0,214.0,631.0,300.0,87.0,90.0,15.0,27940,184935.0,31.286668288858248,0.621259842519685,6.1426987860599676,0.12197566213314245,4.36910265769054,0.08675733715103794,2.485557988842927,0.049355762347888334,0.027036526347094924,0.0005368647100930566,1.1373365416677932,0.022584108804581244,0.7101594253836935,0.014101646385110952,1.2058290750804337,0.023944166070150322,0.5407305269418985,0.010737294201861132,0.9426735519687097,0.01871868289191124,0.38572110921855424,0.0076592698639942735,0.32443831616513913,0.006442376521116679,0.16221915808256956,0.0032211882605583395,0.15681185281315055,0.003113815318539728,0.3316480565243644,0.00658554044380816
406,5153.0,467.0,344.0,577.0,6230.0,1067.0,402.0,356.0,36.0,206.0,856.0,366.0,70.0,263.0,12.0,16619,122344.0,16.973996817716163,0.37487213430410976,14.039647769131847,0.3100667910223239,2.90710346781752,0.06420362235994946,0.9372479783779071,0.020699199711173958,0.03269469692015955,0.0007220651062037427,2.332221713638048,0.05150731090920031,1.2723686218095425,0.02810036704976232,1.5720700102443383,0.0347192971899633,0.9971882560648664,0.022022985739214154,0.9699426752980667,0.0214212648173777,0.5612589637960723,0.012395450989830916,1.095272346825345,0.02418918105782538,0.7165587741668302,0.015825260244298693,0.1907190653675974,0.004212046452855165,0.09808409076047865,0.002166195318611228
407,5336.0,446.0,1792.0,764.0,17156.0,3020.0,408.0,535.0,25.0,191.0,1378.0,439.0,93.0,175.0,8892.0,41177,250032.0,22.871739084063908,0.4166403574811181,7.1137561058851135,0.12958690531121742,4.026151319297796,0.07334191417538917,2.389027537808494,0.04351944046433689,11.854482626223843,0.21594579498263594,1.8370981847656833,0.03346528401777692,0.5945905590751049,0.01083128931199456,1.0185362940210319,0.018554047162250772,0.5852584202555406,0.010661291497680744,0.7132420383524242,0.012992690093984505,0.25463407350525796,0.004638511790562693,0.5439303769117553,0.009908444034290987,0.23330347048911074,0.004249945357845399,0.12398413003135599,0.0022585423901692694,0.0333290672127301,0.0006071350511207713
408,4358.0,16655.0,658.0,808.0,10751.0,2711.0,212.0,338.0,21.0,3495.0,311.0,225.0,36.0,81.0,373.0,41134,159983.0,22.40029669819085,0.26136529391744057,9.080131430631171,0.10594641902076142,5.648516821578959,0.06590654932659114,1.3709789998520676,0.015996499246365536,0.7771659072109744,0.009067924344824233,0.647985515127649,0.007560655418874897,34.70160371206107,0.4048961929304225,1.6835122065052743,0.019643117615597804,0.46879980997981036,0.005469927553848398,0.7042414923252263,0.008217046725336704,7.2820237150197205,0.08496620800311178,0.44171359873653243,0.005153887295181602,0.16876793159273173,0.001969173919385423,0.07500796959676967,0.0008751884086157436,0.04375464893144896,0.0005105265716925172
409,3227.0,255.0,2520.0,691.0,18010.0,1719.0,184.0,323.0,72.0,120.0,365.0,124.0,35.0,66.0,15.0,27805,150819.0,39.80488753627416,0.6477252292753102,7.132169465827692,0.11605826290235569,3.7992560619020153,0.061823413055205896,5.5695900383903885,0.09063118144218665,0.03315232165708565,0.000539471318108254,0.8067064936557508,0.013127135407300846,0.563589468170456,0.009171012407840316,1.5272169510030789,0.02485164538752023,0.27405919236524134,0.004459629563028232,0.713879993015911,0.011616615716597735,0.2652185732566852,0.004315770544866032,0.40666847899358394,0.006617514835461248,0.14587021529117686,0.002373673799676317,0.0773554171998665,0.001258766408919259,0.15913114395401112,0.002589462326919619
410,2365.0,145.0,3320.0,900.0,20733.0,1288.0,98.0,202.0,21.0,65.0,292.0,119.0,35.0,32.0,13059.0,42806,138303.0,49.96999342024395,0.484347988599729,5.70004507012381,0.055249264121852076,3.1042951586974494,0.03008923982619259,8.001754601611438,0.07755922066999953,31.474371488687883,0.30507405503901325,0.703768778214018,0.00682147362519273,0.3494742220583309,0.0033873756015511845,2.1691503438103297,0.021025089940662524,0.2868098787926991,0.0027799841143764893,0.486853743832985,0.0047189646311264774,0.15666085816407935,0.0015184787179367378,0.23619637077045808,0.002289398682427697,0.07712534555770059,0.0007475587534457786,0.08435584670373503,0.0008176423865813204,0.050613508022241016,0.0004905854319487923
411,1586.0,122.0,283.0,419.0,4810.0,801.0,109.0,332.0,14.0,102.0,498.0,187.0,40.0,97.0,18.0,9557,123356.0,12.997611249824356,0.5032960133933243,4.28569884453668,0.16595165847023124,2.164467070916696,0.08381291200167416,0.7647243209356118,0.029611802867008475,0.048639709458802166,0.0018834362247567228,1.3456986283601933,0.05210840221826933,0.3296691418874369,0.012765512190017788,1.1322243479576726,0.043842209898503716,0.5053125371553336,0.019566809668305953,0.8971324189067955,0.03473893481217955,0.2756250202665456,0.01067280527362143,0.2945404628338576,0.011405252694360156,0.2621139898613228,0.01014962854452234,0.1080882432417826,0.004185413832792717,0.03783088513462391,0.001464894841477451
412,5330.0,234.0,2750.0,746.0,30625.0,2293.0,185.0,331.0,27.0,137.0,551.0,232.0,54.0,47.0,18.0,43636,257420.0,39.65633335923135,0.7018287652397104,6.901820630357652,0.12214685122376019,2.96920726180302,0.05254835456962141,3.560976873073835,0.06302135851132093,0.02330821226011965,0.00041250343752864606,0.7134902752958847,0.012627188559904665,0.30300675938155547,0.005362544687872399,0.9659959081138476,0.01709597579979833,0.30041695801931995,0.0053167109725914385,0.42861212544997795,0.007585479878998992,0.17740139331313287,0.003139609496745806,0.23955662600678526,0.0042396186634888625,0.060860332012534636,0.0010770923091025758,0.06992463678035894,0.0012375103125859383,0.03496231839017947,0.0006187551562929691
413,1842.0,189.0,1016.0,828.0,11814.0,1342.0,87.0,193.0,34.0,107.0,391.0,167.0,30.0,33.0,12.0,18390,206684.0,19.05324069594163,0.6424143556280587,2.97071858489288,0.100163132137031,2.164334604194487,0.07297444263186514,1.6385722487791348,0.055247417074497006,0.01935321553676143,0.0006525285481239804,0.6305922729061435,0.021261555193039697,0.30481314470399257,0.010277324632952691,1.3353718720365388,0.04502446982055465,0.26933224955326324,0.009081022294725394,0.3112642165495797,0.010494834148994018,0.17256617186945608,0.005818379554105492,0.1403108126415204,0.004730831973898858,0.05322134272609394,0.0017944535073409463,0.048383038841903585,0.0016313213703099511,0.05483411068749073,0.0018488308863512778
414,3825.0,109.0,668.0,164.0,10401.0,1189.0,250.0,352.0,7.0,50.0,229.0,128.0,18.0,64.0,8.0,17513,134226.0,25.82957102200766,0.5939016730428824,9.498904832148764,0.21840918175069948,2.9527314628561774,0.06789242277165534,1.6588937066340848,0.03814309370182151,0.019866990498611792,0.0004568035173870839,0.5686926030227626,0.013076000685205275,0.2706877455435857,0.006223947924399018,0.40727330522154176,0.009364472106435219,0.31787184797778867,0.007308856278193342,0.8741475819389188,0.02009935476503169,0.12416869061632373,0.002855021983669274,0.6208434530816185,0.01427510991834637,0.15893592398889433,0.003654428139096671,0.04470072862187653,0.0010278079141209388,0.017383616686285318,0.0003997030777136984
501,3485.0,163.0,1272.0,574.0,14392.0,1997.0,185.0,672.0,36.0,101.0,673.0,145.0,32.0,82.0,90.0,24052,182838.0,26.238163474405393,0.5983701979045402,6.353529718475737,0.14489439547646765,3.6407457239013037,0.0830284383835024,2.3189927695555625,0.052885414934309,0.16407967709119547,0.003741892566106769,1.226951363137495,0.02798104107766506,0.2971665262873874,0.006776983203060037,1.04646371833718,0.023864959254947613,0.2643505908691483,0.006028604689838683,1.2251282556142595,0.027939464493597205,0.18413385984678604,0.004199234990853152,0.33727489179856845,0.007691668052552802,0.1494948169053114,0.003409279893563945,0.05833944074353617,0.0013304506901712955,0.06563187083647819,0.0014967570264427074
502,2006.0,197.0,297.0,470.0,5055.0,988.0,138.0,358.0,11.0,79.0,527.0,144.0,44.0,51.0,6.0,10502,141364.0,11.919583486601965,0.4813368882117692,4.730105731775181,0.19101123595505617,2.329683181951086,0.09407731860597981,0.700319741942786,0.028280327556655875,0.014147873574601738,0.0005713197486193106,1.2426548956358525,0.05018091792039611,0.4645218490327571,0.018758331746334032,1.108250096677136,0.04475338030851266,0.3395489657904417,0.013711673966863454,0.8441564566179036,0.0340887450009522,0.18628033539892286,0.0075223766901542565,0.32540109221583996,0.013140354218244143,0.12025692538411477,0.00485621786326414,0.10375107288041274,0.004189678156541611,0.025937768220103186,0.0010474195391354027
503,1634.0,104.0,176.0,539.0,5192.0,864.0,81.0,532.0,20.0,62.0,636.0,130.0,15.0,62.0,8.0,10162,168027.0,10.299931955380188,0.5109230466443614,3.2415425298711913,0.16079511907104901,1.7140102483529431,0.08502263333989372,0.34915023577559956,0.01731942530997835,0.01587046526252725,0.000787246604999016,1.2617019883709166,0.06258610509742177,0.20631604841285428,0.010234205864987207,1.0692725970627737,0.053040740011808696,0.25789506051606786,0.012792757331234009,1.0553859399580623,0.05235189923243456,0.12299610578458622,0.006101161188742373,0.16068846078308843,0.007970871875615036,0.12299610578458622,0.006101161188742373,0.029757122367238598,0.0014760873843731549,0.03967616315631813,0.00196811651249754
